Category,Description,label
People & Blogs,hello internet welcome game theory you‚Äôre like us you‚Äôve probably wondered secrets hidden favorite games explore vast lore minecraft piece together craziest fnaf conspiracies cover whole world indie gaming channel join original team theorist level hitting subscribe even theories check channels food theory film theory style theory strict policy image use videos includes using images licensed reuse use fanart try find proper source credit artist sometimes things slip think used art without permission please let us know game theorist subreddit,24
Education,name grant sanderson videos cover variety topics math adjacent fields like physics cs emphasis visualizing core ideas goal use animation help elucidate motivate otherwise tricky topics difficult problems made simple changes perspective,7
Film & Animation,tv clips rotten tomatoes movieclips largest collection movie clips web we‚Äôve curated best moments scenes lines favorite films share discuss relive celebrate movies eras genres whether fresh rotten blockbusters indies welcome home movie lovers,10
Nonprofits & Activism,videos created andor american red cross american red cross charitable organization government agency depends volunteers generosity people like perform mission,22
Children's Content,welcome pinkfongs official youtube channel meet pinkfong‚Äôs fun educational videos captured hearts millions children around world subscribe pinkfong baby shark‚Äôs channel kids‚Äô favorite songs stories created professionals child education,4
Mental Health & Wellness,hi everyone i‚Äôm stephen i‚Äôm excited welcome surviving schizophrenia channel built hope strength community anyone navigating mental health challenges age 12 spent two weeks ucla resnick neuropsychiatric hospital diagnosed schizophreniform disorder later developed schizophrenia anxiety disorder live treatmentresistant childhoodonset schizophrenia you‚Äôll discover inspiring stories practical advice raw yet compassionate perspective living misunderstood condition importantly you‚Äôll find welcoming community navigate unpredictable waters invite join me‚Äîshare stories listen echoes triumph perseverance around world,19
Hobbies & Interests,welcome jcts fascinating hobbies place tend post videos relating hobbies interests anything else may interest recently decided try make channel little interesting filming various hobby exploits uploading world enjoy cars computers retro tech lot things inbetween cover find interesting hope feel free subscribe dont forget like videos enjoy see,16
Comedy,playing hits recognizable comedy channel universe,5
DIY & Crafts,dedicated moms,6
Business & Finance,joe rogan experience podcast,3
Literature & Books,welcome new republic comics cards collectibles please aware content channel educational review purposes discuss review copyrighted comic books cards collectibles copyrighted material shown used fair use guidelines purpose commentary criticism analysis deeply respect artists writers create incredible works enjoy see want support creators strongly encourage purchase comic books official channels support helps ensure talented individuals continue produce amazing content love,18
People & Blogs,channel beauty food recipe health tips fitness videos current update news videos daily vlogs family vlogs diml videos think channel entertain viewers subscribers time provide useful information useful tipsso keep supporting channel subscribers viewers,24
Howto & Style,mission simple bring honest trustworthy opinions eat around world,17
Spirituality & Religion,video material ministry archbishop canterbury featuring justin welby 105th archbishop dr rowan williams 104th archbishop,30
News & Politics,official msnbc youtube channel msnbc premier destination indepth analysis news insightful political commentary diverse perspectives,21
Business & Finance,art charm selfmotivated guys gals like come learn diverse mix experienced mentors including worlds best professional academic minds scientists relationship experts entrepreneurs bestselling authors badasses show make better networker better connector important better thinker,3
DIY & Crafts,channel make different diy crafts paper a4 given master classes diagrams instructions calculated mainly hands standard a4 sheets white paper a4 used starting material commercials annoying verbal commentary instead pleasant soothing music sounds give desired concentration attention distract folding desired paper figure sure subscribe origami a4 paper crafts channel believe regret utmost ensure trust fully justified make every effort ensure fresh diy videos come often,6
Autos & Vehicles,follow indias best automotive channel cover auto history science reviews analysis deep insights,1
Music,mix masters program offers unique opportunity work closely world‚Äôs top music mixers producers engineers improve ones skills music production since successful debut 2010 hosted 1000 participants 100 seminars addition seminars mix masters launched exclusive online community engineers producers offering incredible array exclusive online services enabling members discover approaches techniques alist music mixers producers become member get unlimited access hundreds videos take advantage unique online services webinars oneday seminars much process greatness fostering greatness long recognized reason master classes organized mix masters program proud part tradition online community weeklong seminars,20
Spirituality & Religion,john steven gaines born december 31 1957 american southern baptist pastor 61st president southern baptist convention steven gaines currently serving bellevue baptist church cordova suburb memphis tennessee one largest congregations southern baptist convention sunday july 10 2005 pastor search committee bellevue baptist church presented dr steve gaines church congregation conclusion services bellevue family overwhelmingly voted call steve gaines seventh pastor bellevue baptist church gaines succeeds longtime bellevue pastor adrian rogers,30
DIY & Crafts,merrythought western new yorkbased lifestyle site devoted simple living share many creative useful diy projects focus natural affordable materials also share lot recipes fashion home d√©cor travels parties bits daily lives read us httpthemerrythoughtcomabout,6
Parenting & Family,babycenter parenting partner supporting journey parenthood blend trusted expert advice parenttoparent tips babycenter webs 1 global interactive parenting network nurtured 100 million parents since 1997,23
Literature & Books,new york times powerful engine independent bootsontheground deeply reported journalism set standard ambitious innovative storytelling across features news investigations we‚Äôre journalists we‚Äôre excited report news quickly possible use new technological resources uncover truth unearth new cultural phenomenons critics internet didn‚Äôt plant ideas heads we‚Äôve always way news thats fit watch youtube,18
Philosophy & Thought,im giving away philosophy degree free subscribe learn boost brain power,27
Art & Design,welcome great courses plus youtube great courses plus streaming home 18000 lectures world‚Äôs greatest professors experts history science religion literature health travel always adfree great courses plus place experience pure joy learning‚Äîanytime anywhere enjoyed one free lectures want learn even love visit thegreatcoursespluscom never stop learning complete catalog engaging enriching courses lectures,0
History & Culture,discovery latinoam√©rica es la versi√≥n latina del discovery channel el productor de contenido de referencia mundial dedicado conectar la audiencia con las maravillas posibilidades del mundo satisfacer su curiosidad,15
Food & Cooking,welcome food networks official youtube channel,11
Technology & Gadgets,aloha youtubers backyard scientist like make videos crazy stuff exploding arrows making instruments molten aluminum sciencechemistry experiments dont im always thinking stuff idea id love hear,32
Autos & Vehicles,motoroctane serious indian car bike buyers want best set videos exclusives content indepth research explained easy understand manner videos simple straight forward aim help buy right vehicle use best equipment game measure accurate performance vehicles verify manufacturer‚Äôs claims,1
Business & Finance,win money take control life‚Äîno matter mistakes youve made money join dave ramsey team experts real advice works subscribe watch full episodes start journey toward life you‚Äôve dreamed,3
Comedy,looking best standup comedy youtube well hit jackpot whether you‚Äôre revisiting classic special legendary comedian discovering new favorite performance comedy central standup gold mine original material exclusive clips that‚Äôll keep night laughing parents spouse roommates beg turn check httpswwwparamountpluscomshowscomedycentralstanduppresents,5
Children's Content,join baby taku friends fun adventures explore abcs colors numbers let‚Äôs play learn together chuchu tvs toddler learning videos designed engage kids fun nursery rhymes educational songs featuring colorful animations team includes moms dads young children experts early childhood education writers artists animators musicians global team creatives ensure culturallyrelevant content children worldwide,4
Autos & Vehicles,autoyogi one indias first premium hindi automobile channel earlier known icn studio channel owned indias popular automobile daily wwwindiacarnewscom subscribe us watch latest car bike reviews first impressions videos also podcast series called cartalaap quite popular among automobile enthusiasts india,1
DIY & Crafts,hello peoples welcome channel art manliness loved explore make dog kennel manufactures wholesaler vlogs travel related video channel share subscribe channel üôè keep supporting keep loving,6
Children's Content,little baby bum follows musical adventures mia twinkle star baby max everyday moments like bath time getting dressed playing peekaboo become even fun new classic nursery rhymes little baby bum animated musical show celebrates early childhood experiences supports cognitive development loveable characters relatable stories magic song repetition rhythm rhyme,4
Pets & Animals,subscribe scoop entertaining pet videos helpful pet parenting tips exclusive deals delivered straight email httpsbitlytpcnewsletter spoiling nurturing wholeheartedly petobsessed pet collective playground cultivates community promotes joyful moments fuels pet lifestyle entertainment petucation newest trends products everything tpc catnip modern pet parent join frenzy,26
History & Culture,welcome great courses plus youtube great courses plus streaming home 18000 lectures world‚Äôs greatest professors experts history science religion literature health travel always adfree great courses plus place experience pure joy learning‚Äîanytime anywhere enjoyed one free lectures want learn even love visit thegreatcoursespluscom never stop learning complete catalog engaging enriching courses lectures,15
Environment & Sustainability,watch pbs news daily breaking live news plus special coverage home pbs news hour ranked credible objective tv news show,9
Travel & Events,hello world decided sell everything leave home adventure around world work fulltime family travel journalists thank part amazing journey,33
History & Culture,inspiring people care planet national geographic worlds premium destination science exploration adventure welcome national geographic community bring stories images video world realtime inviting followers along ongoing 135year journey yellow border portal world showcasing wonder beauty offer page allows fans join us promoting enriching supportive climate community therefore tolerate words hate harassment disparagement reserve right remove posting material find offtopic inappropriate objectionable,15
DIY & Crafts,subscribe channel amazing ideas hey guys find easy diy crafts always provide gorgeous crafts video youtube channel specially invited see channel subscribe thanks watching,6
Health & Fitness,im daniel vadnal physio australia ive working 15 years love sharing knowledge exercise complicated im help,14
Gaming,king youtube walkthrough fmv magazine,12
Education,teded‚Äôs mission create lessons worth sharing feed expand curiosity awardwinning animated shorts published youtube available supplemental learning materials edtedcom,7
Nonprofits & Activism,greenpeace exists fragile earth deserves voice needs solutions needs change needs action,22
Autos & Vehicles,hoovies garage documents adventures tyler hoover automotive writer makes suicidal car purchases maintains fleet cars calls hooptie fleet,1
Film & Animation,nerdwriter video series art culture,10
Hobbies & Interests,channel dedicated son passion music interests learning new skills watching videos youtube,16
Art & Design,discover two million years human history culture worldfamous objects include rosetta stone parthenon sculptures egyptian mummies museum loves hear heres quick note commenting channel open forum anyone welcome contribute discussion encouraged please aware offensive defamatory obscene harassing comments personal attacks kind removed spamming repeat submissions similar contributions content offtopic may also removed,0
News & Politics,aljazeeraenglish focus people events affect peoples lives bring topics light often go underreported listening sides story giving voice voicelessour impartial factbased reporting wins worldwide praise respect unique brand journalism world come rely reshaping global media constantly working strengthen reputation one worlds respected news currentaffairs channels,21
Pets & Animals,home animal people,26
Music,home studio owners looking tips record vocals mix drums simply home studio setup really need youre right place recording revolution channel dedicated helping make better recordings mixes home studio weekly mixing tips mixing tutorials well recording training tailored home studio recordings mixes cant help improve name graham cochrane cant wait dive tutorials tips training recording revolution,20
Social Issues & Advocacy,welcome social impact advocacy amplify voices share inspiring stories advocate meaningful change mission empower families communities education advocacy technology join us tackle important issues celebrate successes work together create brighter future everyone subscribe impactful stories resources insights make difference,29
Hobbies & Interests,life hobbies interests count every day see new things peak interest cant seem rest ive tried electronics 3d printing woodworking home improvement ill try channel attempt documenting triumphs likely failures pick video grab tools lets make something awesome,16
Gaming,minecraft love minecraft life crazy craft 30 shadowcraft minecraft minigames minecraft mods random indie games httpldshadowladycom im lets play gamer called lizzie love cats anything cute 3 ps sorry dont upload schedule try post frequently ive found best videos made im inspired motivated trying stick schedule drains away spontaneity excitement making videos still want keep fun possible hopefully fun watch,12
Beauty & Fashion,download matters fashion whowhatwearcom leading online platform premium original style shopping content catering trendsetting fashion lovers followers emphasis making fashion approachable style attainable whowhatwearcom connects readers expert advice providing tips insider information across world wear launched two former elle magazine editors katherine power hillary kerr 2006 located los angeles,2
Autos & Vehicles,utofreshin india‚Äôs 1 car care product store highly focused best quality auto detailing products autofreshin official importer distributor international brands like scholl concepts shine mate north wolf detailmax professional kwazar many thorough knowledge vehicles automotive paint systems detailing chemicals auto detailing equipment proper car detailing techniques given us unique space automotive industry keep sharing youtube videos blogs autofreshin brought carzspa autofresh pvt ltd pioneered car detailing business india company operates 60 detailing centers franchisee across india brand name ‚Äúcarzspa‚Äù,1
Parenting & Family,hi name ashley channel create content busy parents want learn practical tips advice implementing montessori home children thanks watching,23
Environment & Sustainability,unep drives global leadership forges powerful partnerships protect planet mission inspire inform empower nations people everywhere create better quality life‚Äîtoday generations come together lets build future progress sustainability go hand hand,9
Entertainment,place laughs joy stars surprises everything ellen,8
Children's Content,come explore wondrous world everybodys best friend blippi recycling truck work baker best playground around many exciting things explore learn feed kids‚Äô curiosity learn vehicles animals natural world much blippi helps children‚Äòs understanding world encourages vocabulary development blippi loves visiting exciting places children‚Äôs museums zoo loves singing dancing playing exploring contagious curiosity engages young viewers learning adventures help grow develop,4
Technology & Gadgets,mkbhd quality tech videos youtuber geek consumer electronics tech head internet personality,32
Environment & Sustainability,guardian brings news documentaries current global issues guardian providing highimpact independent journalism since 1821 always free commercial political influence help sustain future making contribution today ‚ñ∫ httpsbitly2zyt72o,9
Travel & Events,hi we‚Äôre dave deb home travel humor canadian pride side biting political satire we‚Äôre awardwinning creators forbes even named us one top 10 travel influencers world bring best travel tips cultural insights entertaining commentary whether you‚Äôre navigating snowy tundras canada exploring global destinations laughing absurdities modern politics we‚Äôve got covered,33
Parenting & Family,bump delivers real life guidance empower new soontobe parents navigate pregnancy parenting expert advice timesaving tools totally inclusive community feel supported seen,23
Health & Fitness,welcome i‚Äôm natalie matthews ü§ó ifbb pro vegan chef fitness model join highprotein fit vegan recipes training tips glimpse athlete journey,14
News & Politics,welcome official bbc news youtube channel interested global news impartial perspective want see behindthescenes footage directly frontline youtube channel bringing specially selected clips worlds trusted news source latest news analysis download bbc news app visit bbccom,21
People & Blogs,promotion bloggingbeast28gmailcom want help related blogging digital marketing email,24
Environment & Sustainability,nature conservancy global conservation organization dedicated conserving lands waters life depends guided science create innovative ontheground solutions worlds toughest challenges nature people thrive together tackling climate change conserving lands waters oceans unprecedented scale providing food water sustainably helping make cities sustainable working 81 countries territories use collaborative approach engages local communities governments private sector partners,9
News & Politics,live coverage breaking news analysis washington post comments community moderated according rules httpwapostrules,21
Social Issues & Advocacy,american cancer society leading cancerfighting organization vision end cancer know everyone organization improving lives people cancer families advocacy research patient support ensure everyone opportunity prevent detect treat survive cancer available day night 18002272345 visiting cancerorg,29
News & Politics,guardian brings news documentaries current global issues guardian providing highimpact independent journalism since 1821 always free commercial political influence help sustain future making contribution today ‚ñ∫ httpsbitly2zyt72o,21
Beauty & Fashion,50 child 50 old soul business inquiries contactmichellephancom,2
People & Blogs,home things gaming cosplay reallife recreations real professionals playing games challenges sounds like stuff you‚Äôre please subscribe today love buzzfeed multiplayer get merch buy httpsbzfditshopmultiplayeryoutube follow us twitter httpstwittercommultiplayerbf,24
Music,im like fat chef movie ratatouille says anyone cook except make music instead food dont speak french im teach write produce music believe anyone make music need right teacher practice ive working really hard make channel worth visiting appreciate stopping stay would ya,20
Pets & Animals,welcome petsmarts official youtube channel learn latest greatest products services tips pet well celebrate joy happiness pet brings life community petsmart focuses variety pets cats dogs fish reptiles hamsters birds supports pets pet parents needs learn fun new ways take care pet keeping happy healthy subscribe channel videos pet training pet health pet style,26
Science & Technology,ted talks channel features best talks performances ted conference worlds leading thinkers doers give talk lives 18 minutes less look talks technology entertainment design plus science business global issues arts youre welcome link embed videos forward others share ideas people know teds videos may used noncommercial purposes creative commons license attribution‚Äìnon commercial‚Äìno derivatives cc ‚Äì nc ‚Äì nd 40 international accordance ted talks usage policy httpswwwtedcomaboutourorganizationourpoliciestermstedtalksusagepolicy information using ted commercial purposes eg employee learning film online course please submit media request httpsmediarequeststedcom,28
People & Blogs,buzzfeed‚Äôs flagship channel sometimes funny sometimes serious always shareable new videos posted daily see behindthescenes follow us instagram buzzfeedvideo httpbitly2jrrkku interested buzzfeed video apply talent database httpsairtablecomshrxxjsfgwbnsdq2w love buzzfeed get merch buy httpsgooglgqkf8m,24
Spirituality & Religion,pope video global initiative pope‚Äôs worldwide prayer network apostleship prayer vaticans official institution spread holy father‚Äôs monthly prayer intentions related challenges facing humanity mission church every month accompany pope francis prayer requests,30
Food & Cooking,people love eat,11
Science & Technology,simply put cool physics sweet science,28
DIY & Crafts,welcome diy channel never use difficult incomprehensible patterns sewing tutorials find woman bags backpacks wallets internet ask could ùê¶ùêöùê§ùêû ùê≠ùê°ùêûùê¶ ùê∞ùê¢ùê≠ùê°ùê®ùêÆùê≠ ùê¨ùê§ùê¢ùê•ùê•ùê¨ ùê®ùêü ùê©ùê´ùê®ùêüùêûùê¨ùê¨ùê¢ùê®ùêßùêöùê• ùê¨ùêûùêöùê¶ùê¨ùê≠ùê´ùêûùê¨ùê¨ take fabric cut sew‚úÇÔ∏è always works goodüòç im want share ideas doesnt professional skills sewing wants trendy clothes bags,6
Business & Finance,lewis howes 2x new york times bestselling author 2x allamerican athlete keynote speaker entrepreneur school greatness shares inspiring interviews successful people planet‚Äîworldrenowned leaders business entertainment sports science health literature‚Äîto inspire unlock inner greatness live best life,3
Entertainment,finally comedy youtube it‚Äôs everything love comedy central comedians jokes roasts beyond check classic sketches key peele chappelle‚Äôs show latest awkwafina tosh0 get tipsy view past drunk history latest jokes sketches coming comedians,8
Social Issues & Advocacy,sierra club americas largest influential grassroots environmental organization 3 million members supporters nationwide addition creating opportunities people ages levels locations meaningful outdoor experiences sierra club works safeguard health communities protect wildlife preserve remaining wild places grassroots activism public education lobbying litigation information visit httpwwwsierracluborg,29
History & Culture,ae leads cultural conversation highquality thought provoking original programming unique point view whether it‚Äôs network‚Äôs distinctive brand awardwinning disruptive reality groundbreaking documentary ae makes entertainment art form visit us aetvcom info,15
Social Issues & Advocacy,bandela kranthi kumar advocate supreme court india founder president indian national yuva jana party,29
Food & Cooking,hello lovely people welcome official youtube channel ‚Äì ultimate hub things food you‚Äôll find loads tasty recipes quick easy midweek meals epic dishes special occasions whether you‚Äôre starting bit pro kitchen i‚Äôve got covered tips tricks ideas help cook storm i‚Äôm fresh simple ingredients fun food ‚Äì naked chef said food hit subscribe button let‚Äôs get stuck,11
Literature & Books,bookriotcom largest independent literary site north america bringing news bookish commentary recs readers stripes dont forget subscribe,18
Travel & Events,sharing cheap travel tips tiktok instagram youtube,33
Environment & Sustainability,aljazeeraenglish focus people events affect peoples lives bring topics light often go underreported listening sides story giving voice voiceless impartial factbased reporting wins worldwide praise respect unique brand journalism world come rely reshaping global media constantly working strengthen reputation one worlds respected news currentaffairs channels,9
Mental Health & Wellness,welcome talkbd bipolar disorder podcast gather researchers people lived experience healthcare providers top bipolar disorder experts around world break answer important questions living bipolar disorder,19
Literature & Books,interviews profiles short features podcasts much official channel los angeles review books httplareviewofbooksorg,18
Science & Technology,official bill nye science guy youtube page,28
Pets & Animals,experienced veterinarian vet specialists sharing knowledge helping keep dog cat healthy 8 million views follow moreour pet care video series assists pet owners making informed decisions health care issues animals bring quality hd videos veterinary advice consumers around globe information meant replace advice regular veterinarian,26
Literature & Books,new york review began new york publishing strike 1963 founding editors robert silvers barbara epstein friends decided create new kind magazine‚Äîone interesting qualified minds time would discuss current books issues depth,18
Environment & Sustainability,protecting human health environment since 1970,9
Health & Fitness,brand know love popsugar ps popular workout series including class fitsugar dance fitsugar breathe fitsugar united single brand ps fit ps long dominated fitness space 1 source free athome workouts youtube that‚Äôs changing continue create workouts every fitness level including noequipment exercises hiit workouts yoga flows ps fit you‚Äôll find videos ranging five 60 minutes length choose exercise specific body parts select level intensity works maybe want combine cardio dance via salsa ‚Äô90s pop hiphop workout you‚Äôre mood stretching yoga meditation we‚Äôve got covered whatever choose confident workouts designed led knowledgeable credentialed experts,14
Education,khan academy nonprofit providing free worldclass education anyone anywhere interactive practice problems articles videos help students succeed math biology chemistry physics history economics finance grammar many topics khan academy provides teachers data students identify gaps learning provide tailored instruction also offer free personalized sat lsat practice partnership college board law school admission council resources translated dozens languages 15 million people around globe learn khan academy month,7
Spirituality & Religion,–ø–∞—Ç—Ä–∏–∞—Ä—à–∏–π —Ö–æ—Ä —Ö—Ä–∞–º–∞ —Ö—Ä–∏—Å—Ç–∞ —Å–ø–∞—Å–∏—Ç–µ–ª—è —Ä–∞–¥ –ø—Ä–∏–≤–µ—Ç—Å—Ç–≤–æ–≤–∞—Ç—å –≤–∞—Å –Ω–∞ —Å–≤–æ–µ–º –æ—Ñ–∏—Ü–∏–∞–ª—å–Ω–æ–º –∫–∞–Ω–∞–ª–µ,30
Parenting & Family,im kianna carissa goto spot mommies motivation parenting advice adorable kid posts lets build strong supportive community together momlife familylife parentingtips,23
Education,videos numbers mathematics videos brady haran since 2011 thanks jane street patreon supporters,7
Personal Development & Self-Improvement,channel helping personal development selfimprovement refer process consciously working oneself achieve personal growth increase selfawareness enhance ones skills abilities involves setting goals learning new skills building positive habits cultivating growth mindset personal development selfimprovement help individuals improve quality life enhance relationships achieve full potential various aspects lives,25
Children's Content,making learning fun simple billions views super simple songs trusted resource parents teachers around world library nursery rhymes original songs animated videos perfect children ages 1 8 video carefully crafted engage young viewers make learning new concepts colors counting animals fun simple channel features diverse range fun characters including ‚Ä¢ finny shark ‚Ä¢ bumble nums ‚Ä¢ caitie caities classroom ‚Ä¢ roundabouts ‚Ä¢ noodle pals ‚Ä¢ rhymington square ‚Ä¢ carls car wash videos designed engaging fun helping children learn new concepts skills great time,4
History & Culture,crash course believe highquality educational videos available everyone free subscribe weekly videos current courses crash course team produced 50 courses wide variety subjects ranging humanities sciences much also recently teamed arizona state university bring courses study hall channel,15
Mental Health & Wellness,one six regions southeast asia home quarter world‚Äôs population committed building better healthier future nearly two billion people region working 11 member states address persisting emerging epidemiological demographic challenges official youtube channel regional office southeast asia,19
Travel & Events,hi im matt run website nomadic matt got travel bug trip costa rica 2004 decided quit job travel world since 2006 ive 70 countries six continents advice featured new york times cnn time guardian uk budget travel bbc national geographic money magazine author book travel world 50 day,33
Business & Finance,gary vaynerchuk serial entrepreneur serves chairman vaynerx ceo vaynermedia creator ceo veefriends gary considered one leading global minds what‚Äôs next culture relevance internet known ‚Äúgaryvee‚Äù described one forward thinkers business prolific angel investor early investments companies like facebook twitter tumblr venmo snapchat coinbase uber addition running multiple businesses gary documents daily life ceo social media channels 45 million followers garner 300 million monthly impressionsviews across platforms gary serves board mikmak bojangles restaurants global citizen forum pencils promise also longtime well member charity water,3
Parenting & Family,community family sisterhood,23
Food & Cooking,cook smarter team james beard awardwinning chefs filmmakers designers scientists engineers demonstrates modern culinary concepts beautiful compelling visuals shows whys behind hows every recipe technique creates innovative technologies make cooking smarter dont tell sharpen knife butcher halibut make macarons scratch show,11
Parenting & Family,goal helping parents raise good people offer expert resources products based social emotional learning kids parents,23
Film & Animation,hello internet welcome film theory want learn secrets favorite movies tv shows grab popcorn get epic blockbuster theories include finding survive scariest film monsters exploring iconic superhero lore diving creepiest indiehorror series whether streaming netflix straight youtube playing theater near covering nerdy world film theories reserve seat clicking subscribe button even theories check channels game theory food theory style theory strict policy image use videos includes using images licensed reuse use fanart try find proper source credit artist though things slip think used art without permission let us know game theorist subreddit,10
Education,space time explores outer reaches space craziness astrophysics possibilities scifi anything else think beyond planet earth astrophysicist host matthew o‚Äôdowd business inquiries sponsorship opportunities please reach pbsspacetimelighthouseagentscom matt odowd spends time studying universe especially really faraway things like quasars supermassive black holes evolving galaxies uses telescopes space matt completed phd nasas space telescope science institute followed work university melbourne columbia university hes professor city university new yorks lehman college associate american museum natural historys hayden planetarium,7
Beauty & Fashion,hi name lulu gothic aura doesnt sugar coat anything based bs takes make mission make everyones day little bit miserable good way humour course hey admit might everyones cup tea know dont care lol point trying please everyone please one im based currently final fantasy 14 however plan 2025 branch cover mmos general maybe ill even dust retro consoles shall see goes im fun,2
Parenting & Family,videos learn,23
Science & Technology,nasas mission pioneer future space exploration scientific discovery aeronautics research worked around world‚Äîand it‚Äîfor 60 years searching answers fundamental questions place universe exploring space discovering earth join us exciting important journey,28
Philosophy & Thought,welcome great courses plus youtube great courses plus streaming home 18000 lectures world‚Äôs greatest professors experts history science religion literature health travel always adfree great courses plus place experience pure joy learning‚Äîanytime anywhere enjoyed one free lectures want learn even love visit thegreatcoursespluscom never stop learning complete catalog engaging enriching courses lectures,27
Hobbies & Interests,sweetest occasion lifestyle entertaining blog dedicated fun party ideas diy tutorials recipes festive cocktails entertaining hacks youtube channel extension passions share projects recipe howtos behind scenes looks photo shoots travel much visit sweetest occasion subscribe stay touch,16
Science & Technology,scishow explores unexpected delve scientific subjects defy expectations make us even curious,28
Comedy,lonely island andy samberg akiva schaffer jorma taccone theyve making videos together since september 2000 met junior high nice right,5
Music,indian sheet music pianist guitarist interested learning popular tunes western notationplease visit channel often new videosalso subscribe updates,20
Entertainment,official jimmy kimmel live youtube channel home celebrities read mean tweets youtube challenges rest favorite viral late night videos,8
Social Issues & Advocacy,greenpeace exists fragile earth deserves voice needs solutions needs change needs actionyou watching animal rights television¬Æ people ethical treatment animals peta largest animal rights organization world peta entities 9 million members supporters globally peta opposes speciesism humansupremacist worldview focuses attention four areas largest numbers animals suffer intensely longest periods time laboratories food industry clothing trade entertainment business also work variety issues including cruel killing rodents birds animals often considered ‚Äúpests‚Äù well cruelty domesticated animals,29
Howto & Style,sophisticated elegant provocative harper‚Äôs bazaar resource fashion beauty skincare culture welcome youtube channel tune skincare tips celebrities like rihanna ashley graham go bed stay hair styling secrets favorite stars like jennifer garner taraji p henson get rundown goto recipes restaurants favorite celebrities chefs like gwyneth paltrow padma lakshmi food diaries discover emerging stars breakout talents like victoria pedretti snoh aalegra rise,17
Business & Finance,pbd podcast hosted patrick betdavid discusses wide range topics business current events politics sports show takes place vault two times week based valuetainment studio fort lauderdale,3
Spirituality & Religion,mission religious education brigham young university assist individuals efforts come unto christ teaching scriptures doctrine history restored gospel jesus christ classroom instruction gospel scholarship outreach larger community,30
Nonprofits & Activism,watching animal rights television¬Æ people ethical treatment animals peta largest animal rights organization world peta entities 9 million members supporters globally,22
Beauty & Fashion,welcome rachel zoes official youtube page‚Äîsubscribe look glamorous world rachel team stylists editors youll get ‚Ä¢ styling tips tricks straight team zoe ‚Ä¢ latest beauty products tips use ‚Ä¢ behindthescenes look goes creating rachel zoes collection ‚Ä¢ videos inspire incorporate modern glamour everyday life,2
History & Culture,welcome official bbc news youtube channelinterested global news impartial perspective want see behindthescenes footage directly frontline youtube channel bringing specially selected clips worlds trusted news source latest news analysis download bbc news app visit bbccom,15
Sports,home risk takers late brakers history makers,31
Personal Development & Self-Improvement,joe rogan experience podcast,25
People & Blogs,gav dan take world slow motion possibly top 10 slow motion based youtube channels watch videos highest possible resolution device offensively crisp slow motion footage,24
Literature & Books,atlantic books one uks eclectic dynamic independent publishers join us youtube meet inspiring authors discover next read learn something new rejoice joy books,18
Entertainment,team coco youtube home things conan o‚Äôbrien team coco podcast network team coco features 25 years comedy sketches celebrity interviews standup comedy sets conan tbs late night conan o‚Äôbrien well exclusive videos podcasts like conan o‚Äôbrien needs friend literally rob lowe won‚Äôt date nicole byer three questions andy richter may elaborate jb smoove scam goddess laci mosley,8
Beauty & Fashion,insider access style culture,2
Comedy,write awful bios make fun content watch space something fun every week,5
Food & Cooking,name trevor james live eat travel live street food local food im traveling taste im hungry traveler thats currently living abroad chengdu sichuan china eating much delicious food far ive eaten filmed street food local cuisine china malaysia singapore thailand eating food local chinese malaysian thai people showed best travel almost solely food dream keep eating traveling world forever nonstop adventure live travel know love eating street foods culinary treats learning new cultures food different around world want share food something connects us food best way connect true cultural experience,11
Autos & Vehicles,cars work simple question without simple answer thats channel could search web endlessly consumable information watch simple understand videos im graduated mechanical engineer passion cars goal help people passionate cars learn work hope find videos enjoyable feel free ask questions,1
Pets & Animals,welcome animal planet india gateway fascinating educational content remarkable creatures roam darkest corners planet mysterious depths ocean adorable animals thrilling wildlife hunting techniques expansive desert sands invite exhilarating journey discover diverse wildlife watch favourite shows documentaries heartwarming stories animal kingdom animal lovers amazed inspired connected wild animal planets exclusive animal videos enjoy best shows like cat hell cute pit bulls parolees crikey irwins dodo horeos many animal planet india subscribe youtube channel today among first experience latest shows value feedback please share comments suggestions us,26
Music,times music one indias premier music labels fantastic track record forms music like devotional indian classical indipop bollywood bhangra urban desi fusion wellness lounge electronica,20
Health & Fitness,offer athome workout videos created certified personal trainers doctors physical therapy videos you‚Äôll see us sweat laugh lose count modify exercises based bodies telling us‚Äîwe fun workouts want enjoy matter fitness level need help consistency motivation achieving specific fitness goals we‚Äôre ‚Ä¢ explore library workout videos strength training hiit yoga ‚Ä¢ reach goals smart effective workout programs ‚Ä¢ use customizable workout calendar personalized stats track progress ‚Ä¢ eat better healthy recipes meal plans built registered dietitians ‚Ä¢ reduce stress mental wellness resources licensed psychologists ‚Ä¢ interact community likeminded exercisers support motivation,14
DIY & Crafts,beautiful mess lifestyle blog focused creating beautiful life,6
History & Culture,welcome official pbs youtube channel pbs member stations america‚Äôs largest classroom nation‚Äôs largest stage arts trusted window world addition pbss educational media helps prepare children success school opens world ageappropriate way download free pbs app head pbsorg watch full episodes favorite pbs shows explore music arts find indepth news analysis home antiques roadshow frontline nova pbs news hour masterpiece many others,15
Nonprofits & Activism,human rights watch one world‚Äôs leading independent organizations dedicated defending protecting human rights focusing international attention human rights violated give voice oppressed hold oppressors accountable crimes rigorous objective investigations strategic targeted advocacy build intense pressure action raise cost human rights abuse,22
Spirituality & Religion,‚Äúwomen islam status empowerment‚Äù conference secretarygeneral affirms oic‚Äôs commitment defending rights muslim women muslim women leading delegations numerous countries others highlevel positions islamic world representatives member states invitees experts attendance mr hissein brahim taha secretarygeneral organization islamic cooperation oic stated since inception oic devoted promotion rights empowerment muslim women commitment culminated adoption oic program action advancement women opaaw widely regarded roadmap muslim societies part brahim taha‚Äôs speech inaugural session international conference women islam status empowerment organized oic general secretariat invitation kingdom saudi arabia hosted monday,30
Gaming,hi im markiplier make videos quality content memeable garbage scary games fullon interactive movies youll find actually 5000 videos im sure theres something youd like maybe like horror games funny games comedy sketches animations compilations reactions reviews challenges cryptic lore mindcrippling ennui stuffthatisguaranteedtoprobablymakeyoucry whatever youre im sure theres something briny deep video page dive dont life choose,12
News & Politics,new york times powerful engine independent bootsontheground deeply reported journalism set standard ambitious innovative storytelling across features news investigations we‚Äôre journalists we‚Äôre excited report news quickly possible use new technological resources uncover truth unearth new cultural phenomenons critics internet didn‚Äôt plant ideas heads we‚Äôve always way news thats fit watch youtube,21
Philosophy & Thought,selfunderstanding calm emotional maturity content available app website wwwtheschooloflifecom offer online psychotherapy wwwtheschooloflifecomtherapy publish one film week wednesdays 1400hrs gmt,27
Health & Fitness,subscribe healthy recipes quick effective workouts fitness instructor health blogger new mom gina harney,14
Technology & Gadgets,best technology gaming pcs smartphones everything whether finding new gadget worth discovering coolest retro cutting edge tech testing latest smartphone youll find,32
Science & Technology,wired tomorrow realized,28
Sports,official youtube page nfl subscribe nfl youtube channel see immediate ingame highlights favorite teams players daily fantasy football updates favorite nfl podcasts,31
Entertainment,buzzfeed‚Äôs flagship channel sometimes funny sometimes serious always shareable new videos posted daily see behindthescenes follow us instagram buzzfeedvideo httpbitly2jrrkku interested buzzfeed video apply talent database httpsairtablecomshrxxjsfgwbnsdq2w love buzzfeed get merch buy httpsgooglgqkf8m,8
Philosophy & Thought,best channel getting definition english vocabularies terms many keywords,27
Technology & Gadgets,hello im tom run one uks biggest youtube channels technology test review latest phones laptops tvs pc hardware cars help make right buying decision,32
Nonprofits & Activism,american cancer society leading cancerfighting organization vision end cancer know everyone organization improving lives people cancer families advocacy research patient support ensure everyone opportunity prevent detect treat survive cancer available day night 18002272345 visiting cancerorg,22
Music,classic rock show‚Äô brings original recordings back life stage huge sound light show match culminating showstopping guitar duel definitely missed gem rock show sore throat guaranteed,20
General,guardian brings news documentaries current global issues guardian providing highimpact independent journalism since 1821 always free commercial political influence help sustain future making contribution today ‚ñ∫ httpsbitly2zyt72o,13
DIY & Crafts,one video destination world blonde salad chiara ferragni,6
Social Issues & Advocacy,nature conservancy global conservation organization dedicated conserving lands waters life depends guided science create innovative ontheground solutions worlds toughest challenges nature people thrive together tackling climate change conserving lands waters oceans unprecedented scale providing food water sustainably helping make cities sustainable working 81 countries territories use collaborative approach engages local communities governments private sector partners,29
Film & Animation,movie without sin exist mostly remind new sins videos every tuesday thursday,10
Film & Animation,backflips frontflips simultaneously,10
Mental Health & Wellness,988 suicide crisis lifeline formerly known national suicide prevention lifeline 24hour tollfree suicide prevention crisis line available anyone crisis emotional distress need support call 988 routed one 200 crisis centers nationwide call someone care call free confidential also text 988 chat us online 988lifelineorg,19
Hobbies & Interests,one video destination world blonde salad chiara ferragni,16
Children's Content,official channel things mother goose club preschoolers parents teachers love mother goose clubs six colorful characters introduce preschool themes classic nursery rhymes original songs colorful videos come dance clap sing along best nursery rhyme videos children youtube new videos released week subscribe,4
Howto & Style,tasty home official tasty home youtube channel thats dedicated design hosting decorating kitchen dining room beyond,17
Parenting & Family,sleep lady founded kim west dedicated providing gentle sleep parenting solutions newborns babies toddlers even older children already bed unique approach focuses comprehensive sleep training encompasses everything newborn sleep sleep regression toddler sleep challenges 25 years helped hundreds thousands families achieve restful nights without resorting leaving children cry channel offers wealth resources tips including guidance sleep schedules wake windows nap training help parents effectively manage child‚Äôs day feedings even sleep training methods haven‚Äôt worked gentle techniques make difference youtube channel serves evergreen resource providing valuable content parents return whenever need expert advice support sleep parenting,23
Business & Finance,never contact business promotions even comes legit email use ig telegram whatsapp reach please ignore report accounts im like harry potter financial minimalist card tricks worried money biz inquiries andreimajikhcom,3
Hobbies & Interests,beautiful mess lifestyle blog focused creating beautiful life,16
Art & Design,bienvenue sur la cha√Æne youtube officielle du mus√©e du louvre üëâ revivez les grandes conf√©rences donn√©es √† l‚Äôauditorium du louvre üëâ retrouvez les pr√©sentations des expositions temporaires avec les commissaires üëâ suivez les youtubeurs dans les salles du mus√©e üëâ plongez dans le pass√© avec les archives du louvre ‚Ä¶ et bien plus encore,0
Art & Design,artists way üá®üáª e un komunidadi di artistas ki nasi di amor kazamentu de simone missmonispencer ku sandrosandroufonsecacreative dos artista kabuverdianu nos objetivu e apoia artistas na nes kaminhu kriativu ofereses un spasu seguru sabi pa es podi konecta kolabora konpartilha ses kriason ben djuntu ku nos diskubri beleza di arti na kabu verdi artists way üá®üáª community artists born love marriage simone missmonispencer sandro sandroufonsecacreative two cape verdean artists goal support artists creative journeys offering safe welcoming space connect collaborate share creations join us discover beauty cape verdean art,0
Howto & Style,welcome bon app√©tit want everyone love cooking eating much recipes want make cooking advice works restaurant recommendations trust,17
Health & Fitness,welcome yoga adriene mission connect many people possible highquality free yoga videos welcome levels bodies genders souls youre brandnew yoga check yoga beginners foundations yoga series designed give tools build happy healthy athome yoga practice best authentic find feels good jump dont even leave house,14
News & Politics,vice news club random studios launching new podcast shane smith questions premiering october 8 new episodes every tuesday,21
Pets & Animals,pethub funny animals funny pets comedy goal entertain make laugh funny animal funny pet brought targeting shots shorts laugh whenever feel like laughing laugh funny animal funny pet funny meme made,26
Art & Design,worlds leading museum devoted contemporary design every form watch films inspiring figures design architecture fashion design museum,0
People & Blogs,raising nerdy power awesome,24
Food & Cooking,asty official youtube channel things tasty worlds largest food network throw potatoes grill summer trust ivskitchen sponsored signature select ad we‚Äôre home favorite recipe videos food shows featuring potato heads know love new fun faces you‚Äôll learn stay awhile come say hi interested tasty video apply talent database httpsairtablecomshrxxjsfgwbnsdq2w,11
Sports,sports illustrated offers sports fans trusted authentic agendafree reporting storytelling featuring sports news scores photos columns expert analysis latest today‚Äôs world sports including nfl nba mlb college basketball college football soccer golf nhl tennis fantasy follow latest nfl news highlights updates favorite team players want know what‚Äôs russell wilson cam newton tom brady we‚Äôve got covered httppostplaylistsinfl golden state warriors make history keep important nba updates including news lebron james kevin durant steph curry,31
Pets & Animals,maymo seriously funny lemon beagle dog made famous extremely cute derpy activities videos appeared major television shows websites,26
Social Issues & Advocacy,human rights watch one world‚Äôs leading independent organizations dedicated defending protecting human rightsby focusing international attention human rights violated give voice oppressed hold oppressors accountable crimes rigorous objective investigations strategic targeted advocacy build intense pressure action raise cost human rights abuse 35 years human rights watch worked tenaciously lay legal moral groundwork deeprooted change fought bring greater justice security people around world learn work make donation visit hrworg,29
Autos & Vehicles,live updates behind scenes automotive news views real word reviews tfl studios,1
General,economist videos give authoritative insight opinion international news politics business finance science technology connections,13
Technology & Gadgets,products get naked find variety videos showcasing coolest products planet newest smartphone surprising gadgets technology never knew existed unbox therapy,32
Mental Health & Wellness,edrc nonprofit organization links resources information support eating disorders silicon valley,19
Music,make pop music resource created producer austin hull channel youll find tons tutorials going production techniques mixing tips workflow advice business advice,20
Philosophy & Thought,welcome philosophers zone destination deep thinking intellectual exploration channel dedicated examining big questions life nature existence meaning consciousness join us engaging discussions thoughtprovoking insights greatest minds philosophy whether youre experienced philosopher simply curious world around channel perfect place expand mind explore mysteries human existence dont miss conversation ‚Äì subscribe join us philosophers zone,27
History & Culture,transformaciones automovil√≠sticas incre√≠bles en mexic√°nicos intenta solucionar las enfermedades m√°s raras en diagn√≥stico misterioso descubre los misterios de la resurrecci√≥n en desde la muerte acompa√±a muchas otras series¬°suscr√≠bete para recibir antes de todos los nuevos contenidos,15
Environment & Sustainability,inspiring people care planet national geographic worlds premium destination science exploration adventure welcome national geographic community bring stories images video world realtime inviting followers along ongoing 135year journey yellow border portal world showcasing wonder beauty offer page allows fans join us promoting enriching supportive climate community therefore tolerate words hate harassment disparagement reserve right remove posting material find offtopic inappropriate objectionable,9
Travel & Events,hey guys im drew binsky i‚Äôve every country world 197197 channel tell stories inspiring people hidden cultures wild adventures faraway places,33
Hobbies & Interests,hello peoples welcome channel art manliness loved explore make dog kennel manufactures wholesaler vlogs travel related video channel share subscribe channel üôè keep supporting keep loving,16
Nonprofits & Activism,sierra club americas largest influential grassroots environmental organization 3 million members supporters nationwide addition creating opportunities people ages levels locations meaningful outdoor experiences sierra club works safeguard health communities protect wildlife preserve remaining wild places grassroots activism public education lobbying litigation information visit httpwwwsierracluborg,22
People & Blogs,business inquiries httpjennamarblesblogcomcontactme,24
Nonprofits & Activism,doctors without bordersm√©decins sans fronti√®res msf offers medical humanitarian assistance people based solely need irrespective race religion gender political affiliation teams doctors nurses logisticians frontline workers often among first scene peoples‚Äô lives upended conflict disease outbreaks natural humanmade disasters believe principles impartiality neutrality synonymous silence world turns back crises dutybound raise voices speak behalf patients decision always guided mission harm preserve respect dignity protect life health,22
Science & Technology,space time explores outer reaches space craziness astrophysics possibilities scifi anything else think beyond planet earth astrophysicist host matthew o‚Äôdowd business inquiries sponsorship opportunities please reach pbsspacetimelighthouseagentscom matt odowd spends time studying universe especially really faraway things like quasars supermassive black holes evolving galaxies uses telescopes space matt completed phd nasas space telescope science institute followed work university melbourne columbia university hes professor city university new yorks lehman college associate american museum natural historys hayden planetarium,28
Film & Animation,welcome official pencilmation youtube channel pencilmation endless struggle creator creation brought mind ross bollinger meet cartoon characters pencilmate pencilmiss many pencil friends sure take along exciting journey make sure subscribe enable notifications cartoons animated orchestrated fantastic team artists around globe,10
People & Blogs,random diy projects hacks mad science experiments king random founded grant thompson 2012 knack sharing discovering unknown forever king random tragically grant passed away paragliding accident 2019 legacy since carried team tkor current hosts jarom rush long time friend grant jake mena channel jakemakes,24
Autos & Vehicles,name james love supercars dream car 2004 ferrari challenge stradale hence screen name stradman 2006 lamborghini gallardo arancio borealis live park city utah,1
Food & Cooking,group mates battling become awesome home cooks studio london we‚Äôre joined millions passionate chefs ‚Äònormals‚Äô around world explore learn laugh around food week serve three new videos devour catch monday wednesday sunday 5pm gmt wanna chat partnering us drop us email partnershipssortedfoodcom,11
Sports,nba premier professional basketball league united states canada league truly global games programming 215 countries territories 47 languages nba consists 30 teams nba offers real time access live regular season nba games subscription nba league pass available globally tv broadband mobile realtime stats scores highlights available fans web mobile nba app,31
Personal Development & Self-Improvement,tim ferriss listed one fast company‚Äôs ‚Äúmost innovative business people‚Äù one fortune‚Äôs ‚Äú40 40‚Äù earlystage technology investoradvisor uber facebook shopify duolingo alibaba 50 others author five 1 new york times wall street journal bestsellers including 4hour workweek tools titans tactics routines habits billionaires icons worldclass performers observer media called tim ‚Äúthe oprah audio‚Äù due influence tim ferriss show podcast first businessinterview podcast exceed 100 million downloads exceeded 900 million downloads,25
Children's Content,cocomelon primary goal always engage families entertaining educational content makes universallyrelatable preschool moments fun beautiful 3d animation toetapping songs create world centers everyday experiences young children addition helping preschoolers learn letters numbers animal sounds colors videos impart prosocial life lessons providing parents opportunity teach play children watch together cocomelon kids happy smart,4
Art & Design,met presents 5000 years art around world everyone experience enjoy museum lives two iconic sites new york city‚Äîthe met fifth avenue met cloisters millions across globe also experience metanywhere robust website digital collection virtual events,0
Hobbies & Interests,dedicated moms ‡§Æ‡•à‡§Ç ‡§Ö‡§Æ‡§ø‡§§‡§æ ‡§∏‡•ç‡§µ‡§æ‡§ó‡§§ ‡§ï‡§∞‡§§‡•Ä ‡§π‡•Ç‡§Ç ‡§Ü‡§™‡§ï‡§æ ‡§Æ‡•á‡§∞‡•á youtube ‡§ö‡•à‡§®‡§≤ creative moms ‡§ï‡•á page ‡§™‡§∞ ‡§Ø‡§π‡§æ‡§Ç ‡§™‡§∞ ‡§π‡§Æ ‡§∏‡§≠‡•Ä ‡§¶‡•á‡§ñ‡•á‡§Ç‡§ó‡•á ‡§ò‡§∞ ‡§ï‡•á decor items diys ‡§î‡§∞ ‡§ò‡§∞ ‡§ï‡•ã ‡§Ö‡§™‡§®‡•á ‡§ï‡•à‡§∏‡•á ‡§ë‡§∞‡•ç‡§ó‡•á‡§®‡§æ‡§á‡§ú ‡§ï‡§∞ ‡§∏‡§ï‡§§‡•á ‡§π‡•à‡§Ç ‡§¨‡§ø‡§≤‡•ç‡§ï‡•Å‡§≤ ‡§≤‡•ã ‡§¨‡§ú‡§ü ‡§™‡§∞ ‡§ò‡§∞ ‡§ï‡•Ä ‡§ö‡•Ä‡§ú‡•ã‡§Ç ‡§∏‡•á organizer ‡§¨‡§®‡§æ ‡§ï‡§∞ ‡§î‡§∞ ‡§ò‡§∞ ‡§Æ‡•á‡§Ç ‡§™‡§°‡§º‡•Ä ‡§π‡•Å‡§à ‡§ö‡•Ä‡§ú ‡§π‡•à ‡§ú‡•ã ‡§¨‡•á‡§∏‡•ç‡§ü ‡§π‡•ã‡§§‡•Ä ‡§π‡•à ‡§â‡§®‡§ï‡§æ ‡§ï‡•à‡§∏‡•á use ‡§ï‡§∞ ‡§∏‡§ï‡§§‡•á ‡§π‡•à‡§Ç decor item ‡§¨‡§®‡§æ ‡§∏‡§ï‡§§‡•á ‡§π‡•à,16
Environment & Sustainability,sierra club americas largest influential grassroots environmental organization 3 million members supporters nationwide addition creating opportunities people ages levels locations meaningful outdoor experiences sierra club works safeguard health communities protect wildlife preserve remaining wild places grassroots activism public education lobbying litigation information visit httpwwwsierracluborg,9
Technology & Gadgets,enjoying best worst new old technology,32
Art & Design,art living operating 180 countries art living nonprofit educational humanitarian organization founded 1981 worldrenowned humanitarian spiritual teacher gurudev sri sri ravi shankar programs guided gurudev‚Äôs philosophy ‚Äúunless stressfree mind violencefree society cannot achieve world peace‚Äù art living community diverse attracts people walks life listen music meditation discourses gurudev download art living app httpaolivinaolapp,0
Mental Health & Wellness,aim promote mental health awareness positive attitudes towards mental health seek encourage social inclusion individuals mental illness promote positive messages regarding mental health community,19
Literature & Books,guardian brings news documentaries current global issues guardian providing highimpact independent journalism since 1821 always free commercial political influence help sustain future making contribution today ‚ñ∫ httpsbitly2zyt72o,18
General,new york times powerful engine independent bootsontheground deeply reported journalism set standard ambitious innovative storytelling across features news investigations we‚Äôre journalists we‚Äôre excited report news quickly possible use new technological resources uncover truth unearth new cultural phenomenons critics internet didn‚Äôt plant ideas heads we‚Äôve always way news thats fit watch youtube,13
Personal Development & Self-Improvement,lewis howes 2x new york times bestselling author 2x allamerican athlete keynote speaker entrepreneur school greatness shares inspiring interviews successful people planet‚Äîworldrenowned leaders business entertainment sports science health literature‚Äîto inspire unlock inner greatness live best life,25
Philosophy & Thought,philosophy academy educational project designed provide free high quality education study philosophy philosophy oldest subject world also one broadest interesting things learn purpose project eventually teach much philosophy possible viewers whether long broad educational subjects ethics metaphysics philosophy religion shorter niche subjects like philosophy free philosophy ai provide free education anyone interested studying incredible subject,27
Technology & Gadgets,welcome youtube channel thevergecom team journalists examines technology change life future subscribe explainers product reviews technology news,32
Travel & Events,blonde abroad awardwinning solo female travel lifestyle brand featuring travel tips fashion festivals photography around world,33
Sports,stream every atp wta match live ondemand 999month download app go httptennischannelcom,31
Art & Design,mission increase public‚Äôs enjoyment understanding british art 16th century present day international modern contemporary art tate youtube brings videos art artists around world subscribe interviews artists exhibition previews celebrity art fans live performance art,0
Business & Finance,financial diet helps rethink relationship money culture class education commentary systems interact every day influencer culture economic systems financial privilege,3
Literature & Books,books toast community readers based mumbai india want create fun paneldiscussion free space readers everywhere make sure experiences involving literature actually lit yknow also events follow us fb insta booksontoast twitter booksont always know wuzzgoinon,18
Howto & Style,glamour goto guide woman sets direction life lives fullest chicest dream job perfect look right relationship reach glamour‚Äôs video channel home career lifestyle inspiration right mix fun adventure discover latest fashion trends hairstyles beauty tips celebrity news inspirational videos relationship sex advice,17
Gaming,nondaily videos,12
Film & Animation,weird hybrid studioproduction company core strives bring fun genuine entertainment whether tv shows feature films short films live streams tutorials anything inbetween pride making better stories youd expect heart youd imagine started video game high school threeseason fulllength awardwinning independent web series named 1 web series 2013 variety nominated producers guild award outstanding digital series 2014 2015 streamy awards direction ensemble cast actionscifi series soon partnered lionsgate resulted 2015 behindthescenes documentary series rocketjump show hulu upcoming scifi anthology show dimension 404 whole bunch awesome stuff come,10
Sports,nbc sports group serves sports fans 247 premier live events insightful studio shows compelling original programming nbc sports established leader sports media landscape unparalleled collection sports properties include olympics nfl premier league big ten nascar pga tour kentucky derby tour de france many subscribe channel latest sporting news highlights,31
Entertainment,official home tonight show starring jimmy fallon that‚Äôs jam password tonight show longestrunning talk show television 1 latenight program digital watch extended celebrity guest interviews comedy sketches parodies games course jimmy‚Äôs monologue thank notes you‚Äôll also find exclusive original content including digital shorts behind scenes series taped front live studio audience studio 6b 30 rockefeller center new york city ‚Äúthe tonight show starring jimmy fallon‚Äù airs weeknights 11351035c nbc available demand peacock stream httpsbitly2aygd0x,8
Technology & Gadgets,im ijustine love tech travel gaming health gadgets scuba diving jiu jitsu channel focuses things tech every aspect life subscribe join fam,32
Pets & Animals,animal planet worlds entertainment brand immerses viewers full range life animal kingdom rich deep content via multiple platforms offers animal lovers pet owners access centralized online television mobile community immersive engaging highquality entertainment information enrichment,26
Philosophy & Thought,clips carefully edited full lectures watched every single dr peterson lecture least twice hope people benefit unhealthy amount time effort put channel clips easy share easier get full length lectures substitute every clip time stamped link description according lecture,27
News & Politics,fox news channel fnc 24hour allencompassing news service dedicated delivering breaking news well political business news top cable network total viewers adults 2554 fnc mostwatched news channel country almost two decades according public policy polling trusted television news source country fnc available 89 million homes dominates cable news landscape routinely notching 12 top 15 programs genre,21
Gaming,play videogames also make content like try laugh reacting tik toks meme review irl content lot people come channel long lets plays especially sony exclusive games playstation,12
Philosophy & Thought,feel even possible scientific questions answered problems life remain completely untouched course questions left answer ludwig wittgenstein tlp 652,27
History & Culture,teded‚Äôs mission create lessons worth sharing feed expand curiosity awardwinning animated shorts published youtube available supplemental learning materials edtedcom want suggest idea teded animation nominate educator animator visit website httpedtedcomgetinvolved consider backing us patreon directly support nonprofit mission create free highquality educational content httpswwwpatreoncomteded,15
Autos & Vehicles,im tim living supercar dream join adventures started uploading videos supercars back 2010 since whirlwind journey around globe bringing along every single experience along way visiting fabulous car collections driving best cars world lucky dream cars captured channel,1
Entertainment,e news goto source breaking celebrity news entertainment e news modernandbold mood pop cultured ‚Äì brought life diverse perspectives viewers connect addition unexpected takes plenty laughs it‚Äôs fun fresh spin celebrity news e news features alist interviews rising stars pop culture exclusives won‚Äôt find anywhere else,8
Spirituality & Religion,rabbi dr warren goldstein chief rabbi south africa global jewish leaderaffectionately referred ‚Äòchief‚Äô ‚Äòspiritual entrepreneur‚Äô launched led number innovative social projects global reach impact youngest person ever elected position chief rabbi goldstein strong advocate creative proactive leadership effective partnership find unique solutions challenges time two local projects embraced championed worldjewry generation sinai annual family learning experience well shabbat project unites jews annually 1000 cities unprecedented scale qualified jewish law judge rabbi goldstein published several books including new book shabbat day create chief rabbi phd human rights constitutional law regular columnist jerusalem post aishcom,30
Travel & Events,channel enjoy walking tours various locations right comfort homewalk virtually us exotic locations various cities 4k ultrahd,33
General,live coverage breaking news analysis washington post comments community moderated according rules httpwapostrules,13
Nonprofits & Activism,nature conservancy global conservation organization dedicated conserving lands waters life depends guided science create innovative ontheground solutions worlds toughest challenges nature people thrive together tackling climate change conserving lands waters oceans unprecedented scale providing food water sustainably helping make cities sustainable working 81 countries territories use collaborative approach engages local communities governments private sector partners,22
Children's Content,welcome kiboomers learning fun 3 billion youtube views billion streams across spotify amazon apple music enriches families educators worldwideour extensive collection kids music videos nursery rhymes covers everything abcs 123s colors shapes making early learning fun engaging freeze dance floor lava going bear hunt videos taste exciting dance songs circle time activities offer designed make learning great adventure home classroom,4
History & Culture,history¬Æ channel division ae networks premier destination historical storytelling bestinclass documentary events signature slate industry leading nonfiction series premium factbased scripted programming history¬Æ channel serves trustworthy source informational entertainment media history¬Æ channel named 1 us tv network buzz seven consecutive years yougov brandindex top favorite tv network beta research corporation deeper dive visit historycom follow history instagram twitter facebook tiktok additional press materials visit ae networks press center httppressaenetworkscom,15
Gaming,official vanoss gaming youtube channel,12
Gaming,make videos,12
Health & Fitness,hey guys name cassey ho certified pilates fitness instructor welcome channel excited thrilled start fitness journey channel 100 focused thats right want see accomplish health fitness goals look amazing also feel amazing going helping find joy fitness make sure hit subscribe button let tell need accountability partner journey want helping remind,14
Beauty & Fashion,channel dedicated beautiful women around world women shapes sizes colours style appreciated ai generated images tribute better half human population,2
General,time brings unparalleled insight access authority news 247 news publication century experience time‚Äôs coverage shapes understand world subscribe daily news interviews science technology politics health entertainment business updates well exclusive videos time‚Äôs person year time 100 created time‚Äôs acclaimed writers producers editors get closer world entertainment celebrity news time gives access insight people make watch read share,13
Beauty & Fashion,ùëæùíÜùíçùíÑùíêùíéùíÜ ùíïùíê ùíéùíö ùíÑùíâùíÇùíèùíèùíÜùíç ùëªùíâùíäùíî ùíÑùíâùíÇùíèùíèùíÜùíç ùíäùíî ùíÖùíÜùíÖùíäùíÑùíÇùíïùíÜùíÖ ùíïùíê ùíîùíïùíöùíçùíÜ ùíÇùíèùíÖ ùíáùíÇùíîùíâùíäùíêùíè ùëªùíâùíÜ ùíîùíïùíöùíçùíÜùíî ùíëùíìùíÜùíîùíÜùíèùíïùíÜùíÖ ùíîùíÜùíìùíóùíÜ ùíïùíê ùíäùíèùíîùíëùíäùíìùíÜ,2
Travel & Events,suitcase startup journey entrepreneur taking startup bedroom city money accommodation office following chris makes journey london get business ground blood sweat tearseverything takes make business happen capital,33
Gaming,video game content sometimes vlog occasional music video even hours uncut gaming content go second channel captainsparklez2,12
Sports,players‚Äô tribune tpt firstofitskind content platform connects athletes fans power storytelling giving athletes tools create truly personal content tell stories players‚Äô tribune reimagining world sports culture player‚Äôs point view 1600 athletes contributed platform impactful powerful long short form stories video series audio founded derek jeter 2014 tpt provides unique insight daily sports conversation brings fans closer ever games love information visit wwwtheplayerstribunecom interact team facebook twitter,31
Environment & Sustainability,welcome weather channels official youtube page featuring weather stories expert insights trusted source weather we‚Äôre proud world‚Äôs accurate forecaster trusted millions people we‚Äôre help live safer smarter healthier happier weather waiting force nature,9
Literature & Books,good writers good poets nondrumbeaters nonaxe grinders long theyre good quarterly literary magazine founded 1953,18
Music,everything music,20
Personal Development & Self-Improvement,art charm selfmotivated guys gals like come learn diverse mix experienced mentors including worlds best professional academic minds scientists relationship experts entrepreneurs bestselling authors badasses show make better networker better connector important better thinker,25
Travel & Events,explore europe rick steves bestselling travel author host public televisions rick steves europe public radios travel rick steves wwwrickstevescom rick steves advocates smart affordable perspectivebroadening travel host writer popular public television series rick steves europe bestselling author 50 european travel books encourages americans travel temporary locals helps american travelers connect much intimately authentically europe ‚Äî europeans ‚Äî fraction mainstream tourists pay,33
Spirituality & Religion,national christian council sri lanka founded 1945 forerunners christian council india burma ceylon formed 1923 christian council ceylon 1922 ceylon representative council missions 1920 ceylon conference 1912 basis affirm confess faith lord jesus christ god saviour seek together fulfill common calling glory triune god father son holy spirit,30
Business & Finance,34 year old real estate investor started working real estate shortly turning 18 120000000 residential sales since 2008 ive created channel share successes failures experiences real estate personal finance investing news im also obsessed frugality credit card churninga lot subscribe cool kids,3
Hobbies & Interests,merrythought western new yorkbased lifestyle site devoted simple living share many creative useful diy projects focus natural affordable materials also share lot recipes fashion home d√©cor travels parties bits daily lives read us httpthemerrythoughtcomabout,16
Literature & Books,independent publisher founded 1973 chicago review press publishes titles lasting interest groundbreaking works reach beyond trendscrp grown dynamic midsize publisher 1000 titles print currently publish 50 new titles yearly five imprints chicago review press lawrence hill books amberjack publishing council oak books parenting press,18
Mental Health & Wellness,mental health first aid international global purposedriven provider mental health first aid education equips individuals knowledge skills provide support matters,19
DIY & Crafts,make videos home decoration reuse old material stitching related work fashion culture modern way new generation bottle crafts pepper craft crochet craft joot rope craft bag making diy old clothes reues hackswall decor lippan art majedar paheliyan gk quiz hope videos helpful wish god happy always achieve goal dream,6
Nonprofits & Activism,trevor project leading suicide prevention crisis intervention organization lgbtq young people reach us 8664887386 text 678678 visit thetrevorprojectorghelp,22
Food & Cooking,welcome bon app√©tit want everyone love cooking eating much recipes want make cooking advice works restaurant recommendations trust,11
News & Politics,watch pbs news daily breaking live news plus special coverage home pbs news hour ranked credible objective tv news show,21
Entertainment,¬°este es el canal oficial de mtvla disfruta los mejores videos de mtv para am√©rica latina paramount ha llegado mira tus shows favoritos de mtv como acapulco shore üî•desc√°rgalo ahora aqu√≠ obt√©n 7 d√≠as gratis smartlinkwgxtfyjz2ie4g,8
General,ted talks channel features best talks performances ted conference worlds leading thinkers doers give talk lives 18 minutes less look talks technology entertainment design plus science business global issues arts youre welcome link embed videos forward others share ideas people know teds videos may used noncommercial purposes creative commons license attribution‚Äìnon commercial‚Äìno derivatives cc ‚Äì nc ‚Äì nd 40 international accordance ted talks usage policy httpswwwtedcomaboutourorganizationourpoliciestermstedtalksusagepolicy information using ted commercial purposes eg employee learning film online course please submit media request httpsmediarequeststedcom,13
Art & Design,hello everyone roman hassanüòá chanel introduce canva many people possible shows use build professional visual easily tell templates white board much give information basic advanced canva tips tricks canva powerful free design tool everyone use make beautiful visualsi personaly use canva every dayüòé,0
Science & Technology,spacex designs manufactures launches world‚Äôs advanced rockets spacecraft,28
General,newsweek staple american media 90 years bringing highquality journalism millions people around globe,13
Music,helping level audio skills articles videos courses quiztones ear training apps since 2009 actively publishing content time focused quiztones,20
Beauty & Fashion,welcome friend beauty fashion queens channel number one channel lets watch top beautiful lifestyle models fashionstas plussize curvaceous women around world,2
Comedy,welcome dropouts youtube channel used collegehumor 20 years everyone getting fired launching streaming service decided rebrand old videos still dont worry support us signing dropouttv subscription video platform features ton exclusive content series 6month thats less 17 cents day see tons um actually game changer dimension 20 breaking news total forgiveness uncensored ads httpssignupdropouttv also sign paid membership option channel get stuff youtube slightly less conveniently arranged wed prefer checked dropouttv first youd prefer watch stuff youtube fine us,5
Howto & Style,allures channel focused bringing beauty life unparalleled expertise smart storytelling radical inclusivity,17
Spirituality & Religion,official youtube channel office holiness dalai lamahis holiness spiritual leader tibetan people frequently states life guided three major commitments promotion basic human values secular ethics interest human happiness fostering interreligious harmony preservation tibets buddhist culture culture peace nonviolence,30
Howto & Style,official youtube channel things tasty worlds largest food network throw potatoes grill summer trust ivskitchen sponsored signature select ad we‚Äôre home favorite recipe videos food shows featuring potato heads know love new fun faces you‚Äôll learn stay awhile come say hi interested tasty video apply talent database httpsairtablecomshrxxjsfgwbnsdq2w,17
